<?xml version="1.0"?>
<link_info>
   <banner>MSP430 Linker PC v4.2.1</banner>
   <copyright>Copyright (c) 2003-2013 Texas Instruments Incorporated</copyright>
   <link_time>0x538f859d</link_time>
   <link_errors>0x0</link_errors>
   <output_file>Modul3_1.out</output_file>
   <entry_point>
      <name>_c_int00</name>
      <address>0xc2a0</address>
   </entry_point>
   <input_file_list>
      <input_file id="fl-2">
         <path>.\</path>
         <kind>object</kind>
         <file>main.obj</file>
         <name>main.obj</name>
      </input_file>
      <input_file id="fl-3">
         <path>.\</path>
         <kind>object</kind>
         <file>LCD.obj</file>
         <name>LCD.obj</name>
      </input_file>
      <input_file id="fl-1d">
         <path>C:\ti\ccsv5\tools\compiler\msp430_4.2.1\lib\</path>
         <kind>archive</kind>
         <file>rts430_eabi.lib</file>
         <name>boot.obj</name>
      </input_file>
      <input_file id="fl-1e">
         <path>C:\ti\ccsv5\tools\compiler\msp430_4.2.1\lib\</path>
         <kind>archive</kind>
         <file>rts430_eabi.lib</file>
         <name>copy_decompress_none.obj</name>
      </input_file>
      <input_file id="fl-1f">
         <path>C:\ti\ccsv5\tools\compiler\msp430_4.2.1\lib\</path>
         <kind>archive</kind>
         <file>rts430_eabi.lib</file>
         <name>copy_decompress_rle.obj</name>
      </input_file>
      <input_file id="fl-20">
         <path>C:\ti\ccsv5\tools\compiler\msp430_4.2.1\lib\</path>
         <kind>archive</kind>
         <file>rts430_eabi.lib</file>
         <name>copy_zero_init.obj</name>
      </input_file>
      <input_file id="fl-21">
         <path>C:\ti\ccsv5\tools\compiler\msp430_4.2.1\lib\</path>
         <kind>archive</kind>
         <file>rts430_eabi.lib</file>
         <name>epilog.obj</name>
      </input_file>
      <input_file id="fl-22">
         <path>C:\ti\ccsv5\tools\compiler\msp430_4.2.1\lib\</path>
         <kind>archive</kind>
         <file>rts430_eabi.lib</file>
         <name>exit.obj</name>
      </input_file>
      <input_file id="fl-23">
         <path>C:\ti\ccsv5\tools\compiler\msp430_4.2.1\lib\</path>
         <kind>archive</kind>
         <file>rts430_eabi.lib</file>
         <name>int02.obj</name>
      </input_file>
      <input_file id="fl-24">
         <path>C:\ti\ccsv5\tools\compiler\msp430_4.2.1\lib\</path>
         <kind>archive</kind>
         <file>rts430_eabi.lib</file>
         <name>int03.obj</name>
      </input_file>
      <input_file id="fl-25">
         <path>C:\ti\ccsv5\tools\compiler\msp430_4.2.1\lib\</path>
         <kind>archive</kind>
         <file>rts430_eabi.lib</file>
         <name>int05.obj</name>
      </input_file>
      <input_file id="fl-26">
         <path>C:\ti\ccsv5\tools\compiler\msp430_4.2.1\lib\</path>
         <kind>archive</kind>
         <file>rts430_eabi.lib</file>
         <name>int06.obj</name>
      </input_file>
      <input_file id="fl-27">
         <path>C:\ti\ccsv5\tools\compiler\msp430_4.2.1\lib\</path>
         <kind>archive</kind>
         <file>rts430_eabi.lib</file>
         <name>int07.obj</name>
      </input_file>
      <input_file id="fl-28">
         <path>C:\ti\ccsv5\tools\compiler\msp430_4.2.1\lib\</path>
         <kind>archive</kind>
         <file>rts430_eabi.lib</file>
         <name>int08.obj</name>
      </input_file>
      <input_file id="fl-29">
         <path>C:\ti\ccsv5\tools\compiler\msp430_4.2.1\lib\</path>
         <kind>archive</kind>
         <file>rts430_eabi.lib</file>
         <name>int09.obj</name>
      </input_file>
      <input_file id="fl-2a">
         <path>C:\ti\ccsv5\tools\compiler\msp430_4.2.1\lib\</path>
         <kind>archive</kind>
         <file>rts430_eabi.lib</file>
         <name>int10.obj</name>
      </input_file>
      <input_file id="fl-2b">
         <path>C:\ti\ccsv5\tools\compiler\msp430_4.2.1\lib\</path>
         <kind>archive</kind>
         <file>rts430_eabi.lib</file>
         <name>int11.obj</name>
      </input_file>
      <input_file id="fl-2c">
         <path>C:\ti\ccsv5\tools\compiler\msp430_4.2.1\lib\</path>
         <kind>archive</kind>
         <file>rts430_eabi.lib</file>
         <name>int12.obj</name>
      </input_file>
      <input_file id="fl-2d">
         <path>C:\ti\ccsv5\tools\compiler\msp430_4.2.1\lib\</path>
         <kind>archive</kind>
         <file>rts430_eabi.lib</file>
         <name>int13.obj</name>
      </input_file>
      <input_file id="fl-2e">
         <path>C:\ti\ccsv5\tools\compiler\msp430_4.2.1\lib\</path>
         <kind>archive</kind>
         <file>rts430_eabi.lib</file>
         <name>int14.obj</name>
      </input_file>
      <input_file id="fl-2f">
         <path>C:\ti\ccsv5\tools\compiler\msp430_4.2.1\lib\</path>
         <kind>archive</kind>
         <file>rts430_eabi.lib</file>
         <name>isr_trap.obj</name>
      </input_file>
      <input_file id="fl-30">
         <path>C:\ti\ccsv5\tools\compiler\msp430_4.2.1\lib\</path>
         <kind>archive</kind>
         <file>rts430_eabi.lib</file>
         <name>lsl16.obj</name>
      </input_file>
      <input_file id="fl-31">
         <path>C:\ti\ccsv5\tools\compiler\msp430_4.2.1\lib\</path>
         <kind>archive</kind>
         <file>rts430_eabi.lib</file>
         <name>lsr16.obj</name>
      </input_file>
      <input_file id="fl-32">
         <path>C:\ti\ccsv5\tools\compiler\msp430_4.2.1\lib\</path>
         <kind>archive</kind>
         <file>rts430_eabi.lib</file>
         <name>memcpy.obj</name>
      </input_file>
      <input_file id="fl-33">
         <path>C:\ti\ccsv5\tools\compiler\msp430_4.2.1\lib\</path>
         <kind>archive</kind>
         <file>rts430_eabi.lib</file>
         <name>pre_init.obj</name>
      </input_file>
      <input_file id="fl-34">
         <path>C:\ti\ccsv5\tools\compiler\msp430_4.2.1\lib\</path>
         <kind>archive</kind>
         <file>rts430_eabi.lib</file>
         <name>_lock.obj</name>
      </input_file>
      <input_file id="fl-35">
         <path>C:\ti\ccsv5\tools\compiler\msp430_4.2.1\lib\</path>
         <kind>archive</kind>
         <file>rts430_eabi.lib</file>
         <name>args_main.obj</name>
      </input_file>
      <input_file id="fl-36">
         <path>C:\ti\ccsv5\tools\compiler\msp430_4.2.1\lib\</path>
         <kind>archive</kind>
         <file>rts430_eabi.lib</file>
         <name>autoinit.obj</name>
      </input_file>
   </input_file_list>
   <object_component_list>
      <object_component id="oc-4e">
         <name>.stack</name>
         <uninitialized>true</uninitialized>
         <run_address>0x3b0</run_address>
         <size>0x2</size>
         <input_file_ref idref="fl-1d"/>
      </object_component>
      <object_component id="oc-11f">
         <name>.stack</name>
         <uninitialized>true</uninitialized>
         <run_address>0x3b0</run_address>
         <size>0x0</size>
      </object_component>
      <object_component id="oc-98">
         <name>.text:LCD_Ayarla</name>
         <load_address>0xc000</load_address>
         <run_address>0xc000</run_address>
         <size>0x98</size>
         <input_file_ref idref="fl-3"/>
      </object_component>
      <object_component id="oc-5a">
         <name>.text:_auto_init</name>
         <load_address>0xc098</load_address>
         <run_address>0xc098</run_address>
         <size>0x5e</size>
         <input_file_ref idref="fl-36"/>
      </object_component>
      <object_component id="oc-d5">
         <name>.text:LCD_Karakter_Yaz</name>
         <load_address>0xc0f6</load_address>
         <run_address>0xc0f6</run_address>
         <size>0x58</size>
         <input_file_ref idref="fl-3"/>
      </object_component>
      <object_component id="oc-c5">
         <name>.text:LCD_Komut_Yaz</name>
         <load_address>0xc14e</load_address>
         <run_address>0xc14e</run_address>
         <size>0x58</size>
         <input_file_ref idref="fl-3"/>
      </object_component>
      <object_component id="oc-9d">
         <name>.text:LCD_Git_XY</name>
         <load_address>0xc1a6</load_address>
         <run_address>0xc1a6</run_address>
         <size>0x50</size>
         <input_file_ref idref="fl-3"/>
      </object_component>
      <object_component id="oc-d0">
         <name>.text</name>
         <load_address>0xc1f6</load_address>
         <run_address>0xc1f6</run_address>
         <size>0x4c</size>
         <input_file_ref idref="fl-31"/>
      </object_component>
      <object_component id="oc-5f">
         <name>.text:main</name>
         <load_address>0xc242</load_address>
         <run_address>0xc242</run_address>
         <size>0x32</size>
         <input_file_ref idref="fl-2"/>
      </object_component>
      <object_component id="oc-de">
         <name>.text</name>
         <load_address>0xc274</load_address>
         <run_address>0xc274</run_address>
         <size>0x2c</size>
         <input_file_ref idref="fl-30"/>
      </object_component>
      <object_component id="oc-3a">
         <name>.text:_c_int00_noexit</name>
         <load_address>0xc2a0</load_address>
         <run_address>0xc2a0</run_address>
         <size>0x1a</size>
         <input_file_ref idref="fl-1d"/>
      </object_component>
      <object_component id="oc-ca">
         <name>.text:LCD_Temizle</name>
         <load_address>0xc2ba</load_address>
         <run_address>0xc2ba</run_address>
         <size>0x18</size>
         <input_file_ref idref="fl-3"/>
      </object_component>
      <object_component id="oc-a3">
         <name>.text:LCD_Yazi_Yaz</name>
         <load_address>0xc2d2</load_address>
         <run_address>0xc2d2</run_address>
         <size>0x12</size>
         <input_file_ref idref="fl-3"/>
      </object_component>
      <object_component id="oc-92">
         <name>.text</name>
         <load_address>0xc2e4</load_address>
         <run_address>0xc2e4</run_address>
         <size>0x10</size>
         <input_file_ref idref="fl-21"/>
      </object_component>
      <object_component id="oc-51">
         <name>.text:__TI_ISR_TRAP</name>
         <load_address>0xc2f4</load_address>
         <run_address>0xc2f4</run_address>
         <size>0x6</size>
         <input_file_ref idref="fl-2f"/>
      </object_component>
      <object_component id="oc-55">
         <name>.text:_system_pre_init</name>
         <load_address>0xc2fa</load_address>
         <run_address>0xc2fa</run_address>
         <size>0x4</size>
         <input_file_ref idref="fl-33"/>
      </object_component>
      <object_component id="oc-64">
         <name>.text:abort</name>
         <load_address>0xc2fe</load_address>
         <run_address>0xc2fe</run_address>
         <size>0x4</size>
         <input_file_ref idref="fl-22"/>
      </object_component>
      <object_component id="oc-a2">
         <name>.const:.string</name>
         <load_address>0xc302</load_address>
         <run_address>0xc302</run_address>
         <size>0x1a</size>
         <input_file_ref idref="fl-2"/>
      </object_component>
      <object_component id="oc-2e">
         <name>.int02</name>
         <load_address>0xffe4</load_address>
         <run_address>0xffe4</run_address>
         <size>0x2</size>
         <input_file_ref idref="fl-23"/>
      </object_component>
      <object_component id="oc-2f">
         <name>.int03</name>
         <load_address>0xffe6</load_address>
         <run_address>0xffe6</run_address>
         <size>0x2</size>
         <input_file_ref idref="fl-24"/>
      </object_component>
      <object_component id="oc-30">
         <name>.int05</name>
         <load_address>0xffea</load_address>
         <run_address>0xffea</run_address>
         <size>0x2</size>
         <input_file_ref idref="fl-25"/>
      </object_component>
      <object_component id="oc-31">
         <name>.int06</name>
         <load_address>0xffec</load_address>
         <run_address>0xffec</run_address>
         <size>0x2</size>
         <input_file_ref idref="fl-26"/>
      </object_component>
      <object_component id="oc-32">
         <name>.int07</name>
         <load_address>0xffee</load_address>
         <run_address>0xffee</run_address>
         <size>0x2</size>
         <input_file_ref idref="fl-27"/>
      </object_component>
      <object_component id="oc-33">
         <name>.int08</name>
         <load_address>0xfff0</load_address>
         <run_address>0xfff0</run_address>
         <size>0x2</size>
         <input_file_ref idref="fl-28"/>
      </object_component>
      <object_component id="oc-34">
         <name>.int09</name>
         <load_address>0xfff2</load_address>
         <run_address>0xfff2</run_address>
         <size>0x2</size>
         <input_file_ref idref="fl-29"/>
      </object_component>
      <object_component id="oc-35">
         <name>.int10</name>
         <load_address>0xfff4</load_address>
         <run_address>0xfff4</run_address>
         <size>0x2</size>
         <input_file_ref idref="fl-2a"/>
      </object_component>
      <object_component id="oc-36">
         <name>.int11</name>
         <load_address>0xfff6</load_address>
         <run_address>0xfff6</run_address>
         <size>0x2</size>
         <input_file_ref idref="fl-2b"/>
      </object_component>
      <object_component id="oc-37">
         <name>.int12</name>
         <load_address>0xfff8</load_address>
         <run_address>0xfff8</run_address>
         <size>0x2</size>
         <input_file_ref idref="fl-2c"/>
      </object_component>
      <object_component id="oc-38">
         <name>.int13</name>
         <load_address>0xfffa</load_address>
         <run_address>0xfffa</run_address>
         <size>0x2</size>
         <input_file_ref idref="fl-2d"/>
      </object_component>
      <object_component id="oc-39">
         <name>.int14</name>
         <load_address>0xfffc</load_address>
         <run_address>0xfffc</run_address>
         <size>0x2</size>
         <input_file_ref idref="fl-2e"/>
      </object_component>
      <object_component id="oc-50">
         <name>.reset</name>
         <load_address>0xfffe</load_address>
         <run_address>0xfffe</run_address>
         <size>0x2</size>
         <input_file_ref idref="fl-1d"/>
      </object_component>
      <object_component id="oc-3b">
         <name>.debug_info</name>
         <load_address>0x0</load_address>
         <run_address>0x0</run_address>
         <size>0x125</size>
         <input_file_ref idref="fl-1d"/>
      </object_component>
      <object_component id="oc-4f">
         <name>.debug_info</name>
         <load_address>0x125</load_address>
         <run_address>0x125</run_address>
         <size>0xaa</size>
         <input_file_ref idref="fl-1d"/>
      </object_component>
      <object_component id="oc-52">
         <name>.debug_info</name>
         <load_address>0x1cf</load_address>
         <run_address>0x1cf</run_address>
         <size>0xc2</size>
         <input_file_ref idref="fl-2f"/>
      </object_component>
      <object_component id="oc-56">
         <name>.debug_info</name>
         <load_address>0x291</load_address>
         <run_address>0x291</run_address>
         <size>0xfd</size>
         <input_file_ref idref="fl-33"/>
      </object_component>
      <object_component id="oc-5b">
         <name>.debug_info</name>
         <load_address>0x38e</load_address>
         <run_address>0x38e</run_address>
         <size>0x14d</size>
         <input_file_ref idref="fl-36"/>
      </object_component>
      <object_component id="oc-60">
         <name>.debug_info</name>
         <load_address>0x4db</load_address>
         <run_address>0x4db</run_address>
         <size>0x140</size>
         <input_file_ref idref="fl-2"/>
      </object_component>
      <object_component id="oc-65">
         <name>.debug_info</name>
         <load_address>0x61b</load_address>
         <run_address>0x61b</run_address>
         <size>0xcc</size>
         <input_file_ref idref="fl-22"/>
      </object_component>
      <object_component id="oc-8b">
         <name>.debug_info</name>
         <load_address>0x6e7</load_address>
         <run_address>0x6e7</run_address>
         <size>0x84</size>
         <input_file_ref idref="fl-2"/>
      </object_component>
      <object_component id="oc-93">
         <name>.debug_info</name>
         <load_address>0x76b</load_address>
         <run_address>0x76b</run_address>
         <size>0xe1</size>
         <input_file_ref idref="fl-21"/>
      </object_component>
      <object_component id="oc-97">
         <name>.debug_info</name>
         <load_address>0x84c</load_address>
         <run_address>0x84c</run_address>
         <size>0x2ba</size>
         <input_file_ref idref="fl-36"/>
      </object_component>
      <object_component id="oc-99">
         <name>.debug_info</name>
         <load_address>0xb06</load_address>
         <run_address>0xb06</run_address>
         <size>0x194</size>
         <input_file_ref idref="fl-3"/>
      </object_component>
      <object_component id="oc-9e">
         <name>.debug_info</name>
         <load_address>0xc9a</load_address>
         <run_address>0xc9a</run_address>
         <size>0x172</size>
         <input_file_ref idref="fl-3"/>
      </object_component>
      <object_component id="oc-a4">
         <name>.debug_info</name>
         <load_address>0xe0c</load_address>
         <run_address>0xe0c</run_address>
         <size>0x12d</size>
         <input_file_ref idref="fl-3"/>
      </object_component>
      <object_component id="oc-c0">
         <name>.debug_info</name>
         <load_address>0xf39</load_address>
         <run_address>0xf39</run_address>
         <size>0x39</size>
         <input_file_ref idref="fl-36"/>
      </object_component>
      <object_component id="oc-c6">
         <name>.debug_info</name>
         <load_address>0xf72</load_address>
         <run_address>0xf72</run_address>
         <size>0x147</size>
         <input_file_ref idref="fl-3"/>
      </object_component>
      <object_component id="oc-cb">
         <name>.debug_info</name>
         <load_address>0x10b9</load_address>
         <run_address>0x10b9</run_address>
         <size>0x11b</size>
         <input_file_ref idref="fl-3"/>
      </object_component>
      <object_component id="oc-d1">
         <name>.debug_info</name>
         <load_address>0x11d4</load_address>
         <run_address>0x11d4</run_address>
         <size>0xd3</size>
         <input_file_ref idref="fl-31"/>
      </object_component>
      <object_component id="oc-d6">
         <name>.debug_info</name>
         <load_address>0x12a7</load_address>
         <run_address>0x12a7</run_address>
         <size>0x149</size>
         <input_file_ref idref="fl-3"/>
      </object_component>
      <object_component id="oc-db">
         <name>.debug_info</name>
         <load_address>0x13f0</load_address>
         <run_address>0x13f0</run_address>
         <size>0x1e1</size>
         <input_file_ref idref="fl-3"/>
      </object_component>
      <object_component id="oc-df">
         <name>.debug_info</name>
         <load_address>0x15d1</load_address>
         <run_address>0x15d1</run_address>
         <size>0xd3</size>
         <input_file_ref idref="fl-30"/>
      </object_component>
      <object_component id="oc-120">
         <name>.debug_info</name>
         <load_address>0x16a4</load_address>
         <run_address>0x16a4</run_address>
         <size>0x9b</size>
      </object_component>
      <object_component id="oc-3c">
         <name>.debug_line</name>
         <load_address>0x0</load_address>
         <run_address>0x0</run_address>
         <size>0x44</size>
         <input_file_ref idref="fl-1d"/>
      </object_component>
      <object_component id="oc-53">
         <name>.debug_line</name>
         <load_address>0x44</load_address>
         <run_address>0x44</run_address>
         <size>0x3c</size>
         <input_file_ref idref="fl-2f"/>
      </object_component>
      <object_component id="oc-58">
         <name>.debug_line</name>
         <load_address>0x80</load_address>
         <run_address>0x80</run_address>
         <size>0x3e</size>
         <input_file_ref idref="fl-33"/>
      </object_component>
      <object_component id="oc-5c">
         <name>.debug_line</name>
         <load_address>0xbe</load_address>
         <run_address>0xbe</run_address>
         <size>0x6b</size>
         <input_file_ref idref="fl-36"/>
      </object_component>
      <object_component id="oc-61">
         <name>.debug_line</name>
         <load_address>0x129</load_address>
         <run_address>0x129</run_address>
         <size>0x46</size>
         <input_file_ref idref="fl-2"/>
      </object_component>
      <object_component id="oc-66">
         <name>.debug_line</name>
         <load_address>0x16f</load_address>
         <run_address>0x16f</run_address>
         <size>0x3a</size>
         <input_file_ref idref="fl-22"/>
      </object_component>
      <object_component id="oc-8a">
         <name>.debug_line</name>
         <load_address>0x1a9</load_address>
         <run_address>0x1a9</run_address>
         <size>0x2a</size>
         <input_file_ref idref="fl-1d"/>
      </object_component>
      <object_component id="oc-8d">
         <name>.debug_line</name>
         <load_address>0x1d3</load_address>
         <run_address>0x1d3</run_address>
         <size>0x20</size>
         <input_file_ref idref="fl-2"/>
      </object_component>
      <object_component id="oc-94">
         <name>.debug_line</name>
         <load_address>0x1f3</load_address>
         <run_address>0x1f3</run_address>
         <size>0x40</size>
         <input_file_ref idref="fl-21"/>
      </object_component>
      <object_component id="oc-9a">
         <name>.debug_line</name>
         <load_address>0x233</load_address>
         <run_address>0x233</run_address>
         <size>0x64</size>
         <input_file_ref idref="fl-3"/>
      </object_component>
      <object_component id="oc-9f">
         <name>.debug_line</name>
         <load_address>0x297</load_address>
         <run_address>0x297</run_address>
         <size>0x43</size>
         <input_file_ref idref="fl-3"/>
      </object_component>
      <object_component id="oc-a5">
         <name>.debug_line</name>
         <load_address>0x2da</load_address>
         <run_address>0x2da</run_address>
         <size>0x42</size>
         <input_file_ref idref="fl-3"/>
      </object_component>
      <object_component id="oc-bf">
         <name>.debug_line</name>
         <load_address>0x31c</load_address>
         <run_address>0x31c</run_address>
         <size>0x2e</size>
         <input_file_ref idref="fl-36"/>
      </object_component>
      <object_component id="oc-c2">
         <name>.debug_line</name>
         <load_address>0x34a</load_address>
         <run_address>0x34a</run_address>
         <size>0x2e</size>
         <input_file_ref idref="fl-36"/>
      </object_component>
      <object_component id="oc-c7">
         <name>.debug_line</name>
         <load_address>0x378</load_address>
         <run_address>0x378</run_address>
         <size>0x4b</size>
         <input_file_ref idref="fl-3"/>
      </object_component>
      <object_component id="oc-cc">
         <name>.debug_line</name>
         <load_address>0x3c3</load_address>
         <run_address>0x3c3</run_address>
         <size>0x45</size>
         <input_file_ref idref="fl-3"/>
      </object_component>
      <object_component id="oc-d2">
         <name>.debug_line</name>
         <load_address>0x408</load_address>
         <run_address>0x408</run_address>
         <size>0x5e</size>
         <input_file_ref idref="fl-31"/>
      </object_component>
      <object_component id="oc-d7">
         <name>.debug_line</name>
         <load_address>0x466</load_address>
         <run_address>0x466</run_address>
         <size>0x4b</size>
         <input_file_ref idref="fl-3"/>
      </object_component>
      <object_component id="oc-e0">
         <name>.debug_line</name>
         <load_address>0x4b1</load_address>
         <run_address>0x4b1</run_address>
         <size>0x4e</size>
         <input_file_ref idref="fl-30"/>
      </object_component>
      <object_component id="oc-e7">
         <name>.debug_line</name>
         <load_address>0x4ff</load_address>
         <run_address>0x4ff</run_address>
         <size>0x55</size>
         <input_file_ref idref="fl-3"/>
      </object_component>
      <object_component id="oc-3d">
         <name>.debug_frame</name>
         <load_address>0x0</load_address>
         <run_address>0x0</run_address>
         <size>0x42</size>
         <input_file_ref idref="fl-1d"/>
      </object_component>
      <object_component id="oc-57">
         <name>.debug_frame</name>
         <load_address>0x42</load_address>
         <run_address>0x42</run_address>
         <size>0x47</size>
         <input_file_ref idref="fl-33"/>
      </object_component>
      <object_component id="oc-5d">
         <name>.debug_frame</name>
         <load_address>0x89</load_address>
         <run_address>0x89</run_address>
         <size>0x51</size>
         <input_file_ref idref="fl-36"/>
      </object_component>
      <object_component id="oc-62">
         <name>.debug_frame</name>
         <load_address>0xda</load_address>
         <run_address>0xda</run_address>
         <size>0x47</size>
         <input_file_ref idref="fl-2"/>
      </object_component>
      <object_component id="oc-67">
         <name>.debug_frame</name>
         <load_address>0x121</load_address>
         <run_address>0x121</run_address>
         <size>0x47</size>
         <input_file_ref idref="fl-22"/>
      </object_component>
      <object_component id="oc-9b">
         <name>.debug_frame</name>
         <load_address>0x168</load_address>
         <run_address>0x168</run_address>
         <size>0x48</size>
         <input_file_ref idref="fl-3"/>
      </object_component>
      <object_component id="oc-a0">
         <name>.debug_frame</name>
         <load_address>0x1b0</load_address>
         <run_address>0x1b0</run_address>
         <size>0x47</size>
         <input_file_ref idref="fl-3"/>
      </object_component>
      <object_component id="oc-a6">
         <name>.debug_frame</name>
         <load_address>0x1f7</load_address>
         <run_address>0x1f7</run_address>
         <size>0x47</size>
         <input_file_ref idref="fl-3"/>
      </object_component>
      <object_component id="oc-c8">
         <name>.debug_frame</name>
         <load_address>0x23e</load_address>
         <run_address>0x23e</run_address>
         <size>0x47</size>
         <input_file_ref idref="fl-3"/>
      </object_component>
      <object_component id="oc-cd">
         <name>.debug_frame</name>
         <load_address>0x285</load_address>
         <run_address>0x285</run_address>
         <size>0x47</size>
         <input_file_ref idref="fl-3"/>
      </object_component>
      <object_component id="oc-d8">
         <name>.debug_frame</name>
         <load_address>0x2cc</load_address>
         <run_address>0x2cc</run_address>
         <size>0x47</size>
         <input_file_ref idref="fl-3"/>
      </object_component>
      <object_component id="oc-3e">
         <name>.debug_aranges</name>
         <load_address>0x0</load_address>
         <run_address>0x0</run_address>
         <size>0x20</size>
         <input_file_ref idref="fl-1d"/>
      </object_component>
      <object_component id="oc-54">
         <name>.debug_aranges</name>
         <load_address>0x20</load_address>
         <run_address>0x20</run_address>
         <size>0x20</size>
         <input_file_ref idref="fl-2f"/>
      </object_component>
      <object_component id="oc-59">
         <name>.debug_aranges</name>
         <load_address>0x40</load_address>
         <run_address>0x40</run_address>
         <size>0x20</size>
         <input_file_ref idref="fl-33"/>
      </object_component>
      <object_component id="oc-5e">
         <name>.debug_aranges</name>
         <load_address>0x60</load_address>
         <run_address>0x60</run_address>
         <size>0x20</size>
         <input_file_ref idref="fl-36"/>
      </object_component>
      <object_component id="oc-63">
         <name>.debug_aranges</name>
         <load_address>0x80</load_address>
         <run_address>0x80</run_address>
         <size>0x20</size>
         <input_file_ref idref="fl-2"/>
      </object_component>
      <object_component id="oc-68">
         <name>.debug_aranges</name>
         <load_address>0xa0</load_address>
         <run_address>0xa0</run_address>
         <size>0x20</size>
         <input_file_ref idref="fl-22"/>
      </object_component>
      <object_component id="oc-95">
         <name>.debug_aranges</name>
         <load_address>0xc0</load_address>
         <run_address>0xc0</run_address>
         <size>0x20</size>
         <input_file_ref idref="fl-21"/>
      </object_component>
      <object_component id="oc-9c">
         <name>.debug_aranges</name>
         <load_address>0xe0</load_address>
         <run_address>0xe0</run_address>
         <size>0x20</size>
         <input_file_ref idref="fl-3"/>
      </object_component>
      <object_component id="oc-a1">
         <name>.debug_aranges</name>
         <load_address>0x100</load_address>
         <run_address>0x100</run_address>
         <size>0x20</size>
         <input_file_ref idref="fl-3"/>
      </object_component>
      <object_component id="oc-a7">
         <name>.debug_aranges</name>
         <load_address>0x120</load_address>
         <run_address>0x120</run_address>
         <size>0x20</size>
         <input_file_ref idref="fl-3"/>
      </object_component>
      <object_component id="oc-c9">
         <name>.debug_aranges</name>
         <load_address>0x140</load_address>
         <run_address>0x140</run_address>
         <size>0x20</size>
         <input_file_ref idref="fl-3"/>
      </object_component>
      <object_component id="oc-ce">
         <name>.debug_aranges</name>
         <load_address>0x160</load_address>
         <run_address>0x160</run_address>
         <size>0x20</size>
         <input_file_ref idref="fl-3"/>
      </object_component>
      <object_component id="oc-d3">
         <name>.debug_aranges</name>
         <load_address>0x180</load_address>
         <run_address>0x180</run_address>
         <size>0x20</size>
         <input_file_ref idref="fl-31"/>
      </object_component>
      <object_component id="oc-d9">
         <name>.debug_aranges</name>
         <load_address>0x1a0</load_address>
         <run_address>0x1a0</run_address>
         <size>0x20</size>
         <input_file_ref idref="fl-3"/>
      </object_component>
      <object_component id="oc-e1">
         <name>.debug_aranges</name>
         <load_address>0x1c0</load_address>
         <run_address>0x1c0</run_address>
         <size>0x20</size>
         <input_file_ref idref="fl-30"/>
      </object_component>
      <object_component id="oc-69">
         <name>.debug_abbrev</name>
         <load_address>0x0</load_address>
         <run_address>0x0</run_address>
         <size>0x58</size>
         <input_file_ref idref="fl-1d"/>
      </object_component>
      <object_component id="oc-89">
         <name>.debug_abbrev</name>
         <load_address>0x58</load_address>
         <run_address>0x58</run_address>
         <size>0x29</size>
         <input_file_ref idref="fl-1d"/>
      </object_component>
      <object_component id="oc-8c">
         <name>.debug_abbrev</name>
         <load_address>0x81</load_address>
         <run_address>0x81</run_address>
         <size>0x1f</size>
         <input_file_ref idref="fl-2"/>
      </object_component>
      <object_component id="oc-90">
         <name>.debug_abbrev</name>
         <load_address>0xa0</load_address>
         <run_address>0xa0</run_address>
         <size>0x27</size>
         <input_file_ref idref="fl-2f"/>
      </object_component>
      <object_component id="oc-91">
         <name>.debug_abbrev</name>
         <load_address>0xc7</load_address>
         <run_address>0xc7</run_address>
         <size>0x55</size>
         <input_file_ref idref="fl-33"/>
      </object_component>
      <object_component id="oc-96">
         <name>.debug_abbrev</name>
         <load_address>0x11c</load_address>
         <run_address>0x11c</run_address>
         <size>0x64</size>
         <input_file_ref idref="fl-36"/>
      </object_component>
      <object_component id="oc-a8">
         <name>.debug_abbrev</name>
         <load_address>0x180</load_address>
         <run_address>0x180</run_address>
         <size>0x5e</size>
         <input_file_ref idref="fl-2"/>
      </object_component>
      <object_component id="oc-a9">
         <name>.debug_abbrev</name>
         <load_address>0x1de</load_address>
         <run_address>0x1de</run_address>
         <size>0x45</size>
         <input_file_ref idref="fl-22"/>
      </object_component>
      <object_component id="oc-bd">
         <name>.debug_abbrev</name>
         <load_address>0x223</load_address>
         <run_address>0x223</run_address>
         <size>0x39</size>
         <input_file_ref idref="fl-21"/>
      </object_component>
      <object_component id="oc-be">
         <name>.debug_abbrev</name>
         <load_address>0x25c</load_address>
         <run_address>0x25c</run_address>
         <size>0x82</size>
         <input_file_ref idref="fl-36"/>
      </object_component>
      <object_component id="oc-c1">
         <name>.debug_abbrev</name>
         <load_address>0x2de</load_address>
         <run_address>0x2de</run_address>
         <size>0x24</size>
         <input_file_ref idref="fl-36"/>
      </object_component>
      <object_component id="oc-cf">
         <name>.debug_abbrev</name>
         <load_address>0x302</load_address>
         <run_address>0x302</run_address>
         <size>0x6c</size>
         <input_file_ref idref="fl-3"/>
      </object_component>
      <object_component id="oc-d4">
         <name>.debug_abbrev</name>
         <load_address>0x36e</load_address>
         <run_address>0x36e</run_address>
         <size>0x7a</size>
         <input_file_ref idref="fl-3"/>
      </object_component>
      <object_component id="oc-da">
         <name>.debug_abbrev</name>
         <load_address>0x3e8</load_address>
         <run_address>0x3e8</run_address>
         <size>0x7a</size>
         <input_file_ref idref="fl-3"/>
      </object_component>
      <object_component id="oc-e2">
         <name>.debug_abbrev</name>
         <load_address>0x462</load_address>
         <run_address>0x462</run_address>
         <size>0x7a</size>
         <input_file_ref idref="fl-3"/>
      </object_component>
      <object_component id="oc-e3">
         <name>.debug_abbrev</name>
         <load_address>0x4dc</load_address>
         <run_address>0x4dc</run_address>
         <size>0x6c</size>
         <input_file_ref idref="fl-3"/>
      </object_component>
      <object_component id="oc-e4">
         <name>.debug_abbrev</name>
         <load_address>0x548</load_address>
         <run_address>0x548</run_address>
         <size>0x3b</size>
         <input_file_ref idref="fl-31"/>
      </object_component>
      <object_component id="oc-e5">
         <name>.debug_abbrev</name>
         <load_address>0x583</load_address>
         <run_address>0x583</run_address>
         <size>0x7a</size>
         <input_file_ref idref="fl-3"/>
      </object_component>
      <object_component id="oc-e6">
         <name>.debug_abbrev</name>
         <load_address>0x5fd</load_address>
         <run_address>0x5fd</run_address>
         <size>0x4b</size>
         <input_file_ref idref="fl-3"/>
      </object_component>
      <object_component id="oc-e8">
         <name>.debug_abbrev</name>
         <load_address>0x648</load_address>
         <run_address>0x648</run_address>
         <size>0x3b</size>
         <input_file_ref idref="fl-30"/>
      </object_component>
      <object_component id="oc-121">
         <name>.debug_abbrev</name>
         <load_address>0x683</load_address>
         <run_address>0x683</run_address>
         <size>0xf</size>
      </object_component>
      <object_component id="oc-8e">
         <name>.debug_str</name>
         <load_address>0x0</load_address>
         <run_address>0x0</run_address>
         <size>0xf5</size>
         <input_file_ref idref="fl-2"/>
      </object_component>
      <object_component id="oc-c3">
         <name>.debug_str</name>
         <load_address>0xf5</load_address>
         <run_address>0xf5</run_address>
         <size>0x94</size>
         <input_file_ref idref="fl-36"/>
      </object_component>
      <object_component id="oc-8f">
         <name>.debug_pubtypes</name>
         <load_address>0x0</load_address>
         <run_address>0x0</run_address>
         <size>0xed</size>
         <input_file_ref idref="fl-2"/>
      </object_component>
      <object_component id="oc-c4">
         <name>.debug_pubtypes</name>
         <load_address>0xed</load_address>
         <run_address>0xed</run_address>
         <size>0x2f</size>
         <input_file_ref idref="fl-36"/>
      </object_component>
   </object_component_list>
   <logical_group_list>
      <logical_group id="lg-4" display="no" color="cyan">
         <name>.sysmem</name>
         <run_address>0x0</run_address>
         <size>0x0</size>
         <contents>
         </contents>
      </logical_group>
      <logical_group id="lg-5" display="no" color="cyan">
         <name>.stack</name>
         <run_address>0x3b0</run_address>
         <size>0x50</size>
         <contents>
            <object_component_ref idref="oc-4e"/>
            <object_component_ref idref="oc-11f"/>
         </contents>
      </logical_group>
      <logical_group id="lg-6" display="no" color="cyan">
         <name>.text</name>
         <load_address>0xc000</load_address>
         <run_address>0xc000</run_address>
         <size>0x302</size>
         <contents>
            <object_component_ref idref="oc-98"/>
            <object_component_ref idref="oc-5a"/>
            <object_component_ref idref="oc-d5"/>
            <object_component_ref idref="oc-c5"/>
            <object_component_ref idref="oc-9d"/>
            <object_component_ref idref="oc-d0"/>
            <object_component_ref idref="oc-5f"/>
            <object_component_ref idref="oc-de"/>
            <object_component_ref idref="oc-3a"/>
            <object_component_ref idref="oc-ca"/>
            <object_component_ref idref="oc-a3"/>
            <object_component_ref idref="oc-92"/>
            <object_component_ref idref="oc-51"/>
            <object_component_ref idref="oc-55"/>
            <object_component_ref idref="oc-64"/>
         </contents>
      </logical_group>
      <logical_group id="lg-7" display="no" color="cyan">
         <name>.cinit</name>
         <run_address>0x0</run_address>
         <size>0x0</size>
         <contents>
         </contents>
      </logical_group>
      <logical_group id="lg-8" display="no" color="cyan">
         <name>.const</name>
         <load_address>0xc302</load_address>
         <run_address>0xc302</run_address>
         <size>0x1a</size>
         <contents>
            <object_component_ref idref="oc-a2"/>
         </contents>
      </logical_group>
      <logical_group id="lg-9" display="no" color="cyan">
         <name>.cio</name>
         <run_address>0x0</run_address>
         <size>0x0</size>
         <contents>
         </contents>
      </logical_group>
      <logical_group id="lg-a" display="no" color="cyan">
         <name>.pinit</name>
         <run_address>0x0</run_address>
         <size>0x0</size>
         <contents>
         </contents>
      </logical_group>
      <logical_group id="lg-b" display="no" color="cyan">
         <name>.init_array</name>
         <run_address>0x0</run_address>
         <size>0x0</size>
         <contents>
         </contents>
      </logical_group>
      <logical_group id="lg-c" display="no" color="cyan">
         <name>.mspabi.exidx</name>
         <run_address>0x0</run_address>
         <size>0x0</size>
         <contents>
         </contents>
      </logical_group>
      <logical_group id="lg-d" display="no" color="cyan">
         <name>.mspabi.extab</name>
         <run_address>0x0</run_address>
         <size>0x0</size>
         <contents>
         </contents>
      </logical_group>
      <logical_group id="lg-e" display="no" color="cyan">
         <name>.infoA</name>
         <run_address>0x0</run_address>
         <size>0x0</size>
         <contents>
         </contents>
      </logical_group>
      <logical_group id="lg-f" display="no" color="cyan">
         <name>.infoB</name>
         <run_address>0x0</run_address>
         <size>0x0</size>
         <contents>
         </contents>
      </logical_group>
      <logical_group id="lg-10" display="no" color="cyan">
         <name>.infoC</name>
         <run_address>0x0</run_address>
         <size>0x0</size>
         <contents>
         </contents>
      </logical_group>
      <logical_group id="lg-11" display="no" color="cyan">
         <name>.infoD</name>
         <run_address>0x0</run_address>
         <size>0x0</size>
         <contents>
         </contents>
      </logical_group>
      <logical_group id="lg-12" display="no" color="cyan">
         <name>.int00</name>
         <run_address>0x0</run_address>
         <size>0x0</size>
         <contents>
         </contents>
      </logical_group>
      <logical_group id="lg-13" display="no" color="cyan">
         <name>.int01</name>
         <run_address>0x0</run_address>
         <size>0x0</size>
         <contents>
         </contents>
      </logical_group>
      <logical_group id="lg-14" display="no" color="cyan">
         <name>PORT1</name>
         <load_address>0xffe4</load_address>
         <run_address>0xffe4</run_address>
         <size>0x2</size>
         <contents>
            <object_component_ref idref="oc-2e"/>
         </contents>
      </logical_group>
      <logical_group id="lg-16" display="no" color="cyan">
         <name>PORT2</name>
         <load_address>0xffe6</load_address>
         <run_address>0xffe6</run_address>
         <size>0x2</size>
         <contents>
            <object_component_ref idref="oc-2f"/>
         </contents>
      </logical_group>
      <logical_group id="lg-18" display="no" color="cyan">
         <name>.int04</name>
         <run_address>0x0</run_address>
         <size>0x0</size>
         <contents>
         </contents>
      </logical_group>
      <logical_group id="lg-19" display="no" color="cyan">
         <name>ADC10</name>
         <load_address>0xffea</load_address>
         <run_address>0xffea</run_address>
         <size>0x2</size>
         <contents>
            <object_component_ref idref="oc-30"/>
         </contents>
      </logical_group>
      <logical_group id="lg-1b" display="no" color="cyan">
         <name>USCIAB0TX</name>
         <load_address>0xffec</load_address>
         <run_address>0xffec</run_address>
         <size>0x2</size>
         <contents>
            <object_component_ref idref="oc-31"/>
         </contents>
      </logical_group>
      <logical_group id="lg-1d" display="no" color="cyan">
         <name>USCIAB0RX</name>
         <load_address>0xffee</load_address>
         <run_address>0xffee</run_address>
         <size>0x2</size>
         <contents>
            <object_component_ref idref="oc-32"/>
         </contents>
      </logical_group>
      <logical_group id="lg-1f" display="no" color="cyan">
         <name>TIMER0_A1</name>
         <load_address>0xfff0</load_address>
         <run_address>0xfff0</run_address>
         <size>0x2</size>
         <contents>
            <object_component_ref idref="oc-33"/>
         </contents>
      </logical_group>
      <logical_group id="lg-21" display="no" color="cyan">
         <name>TIMER0_A0</name>
         <load_address>0xfff2</load_address>
         <run_address>0xfff2</run_address>
         <size>0x2</size>
         <contents>
            <object_component_ref idref="oc-34"/>
         </contents>
      </logical_group>
      <logical_group id="lg-23" display="no" color="cyan">
         <name>WDT</name>
         <load_address>0xfff4</load_address>
         <run_address>0xfff4</run_address>
         <size>0x2</size>
         <contents>
            <object_component_ref idref="oc-35"/>
         </contents>
      </logical_group>
      <logical_group id="lg-25" display="no" color="cyan">
         <name>COMPARATORA</name>
         <load_address>0xfff6</load_address>
         <run_address>0xfff6</run_address>
         <size>0x2</size>
         <contents>
            <object_component_ref idref="oc-36"/>
         </contents>
      </logical_group>
      <logical_group id="lg-27" display="no" color="cyan">
         <name>TIMER1_A1</name>
         <load_address>0xfff8</load_address>
         <run_address>0xfff8</run_address>
         <size>0x2</size>
         <contents>
            <object_component_ref idref="oc-37"/>
         </contents>
      </logical_group>
      <logical_group id="lg-29" display="no" color="cyan">
         <name>TIMER1_A0</name>
         <load_address>0xfffa</load_address>
         <run_address>0xfffa</run_address>
         <size>0x2</size>
         <contents>
            <object_component_ref idref="oc-38"/>
         </contents>
      </logical_group>
      <logical_group id="lg-2b" display="no" color="cyan">
         <name>NMI</name>
         <load_address>0xfffc</load_address>
         <run_address>0xfffc</run_address>
         <size>0x2</size>
         <contents>
            <object_component_ref idref="oc-39"/>
         </contents>
      </logical_group>
      <logical_group id="lg-2d" display="no" color="cyan">
         <name>.reset</name>
         <load_address>0xfffe</load_address>
         <run_address>0xfffe</run_address>
         <size>0x2</size>
         <contents>
            <object_component_ref idref="oc-50"/>
         </contents>
      </logical_group>
      <logical_group id="lg-ea" display="no" color="cyan">
         <name>.TI.noinit</name>
         <run_address>0x0</run_address>
         <size>0x0</size>
         <contents>
         </contents>
      </logical_group>
      <logical_group id="lg-2" display="no" color="cyan">
         <name>.bss</name>
         <run_address>0x0</run_address>
         <size>0x0</size>
         <contents>
         </contents>
      </logical_group>
      <logical_group id="lg-e9" display="no" color="cyan">
         <name>BSS_GROUP</name>
         <run_address>0x0</run_address>
         <size>0x0</size>
         <contents>
            <logical_group_ref idref="lg-ea"/>
            <logical_group_ref idref="lg-2"/>
         </contents>
      </logical_group>
      <logical_group id="lg-ec" display="no" color="cyan">
         <name>.TI.persistent</name>
         <run_address>0x0</run_address>
         <size>0x0</size>
         <contents>
         </contents>
      </logical_group>
      <logical_group id="lg-3" display="no" color="cyan">
         <name>.data</name>
         <run_address>0x0</run_address>
         <size>0x0</size>
         <contents>
         </contents>
      </logical_group>
      <logical_group id="lg-eb" display="no" color="cyan">
         <name>DATA_GROUP</name>
         <run_address>0x0</run_address>
         <size>0x0</size>
         <contents>
            <logical_group_ref idref="lg-ec"/>
            <logical_group_ref idref="lg-3"/>
         </contents>
      </logical_group>
      <logical_group id="lg-110" display="never" color="cyan">
         <name>.debug_info</name>
         <load_address>0x0</load_address>
         <run_address>0x0</run_address>
         <size>0x173f</size>
         <contents>
            <object_component_ref idref="oc-3b"/>
            <object_component_ref idref="oc-4f"/>
            <object_component_ref idref="oc-52"/>
            <object_component_ref idref="oc-56"/>
            <object_component_ref idref="oc-5b"/>
            <object_component_ref idref="oc-60"/>
            <object_component_ref idref="oc-65"/>
            <object_component_ref idref="oc-8b"/>
            <object_component_ref idref="oc-93"/>
            <object_component_ref idref="oc-97"/>
            <object_component_ref idref="oc-99"/>
            <object_component_ref idref="oc-9e"/>
            <object_component_ref idref="oc-a4"/>
            <object_component_ref idref="oc-c0"/>
            <object_component_ref idref="oc-c6"/>
            <object_component_ref idref="oc-cb"/>
            <object_component_ref idref="oc-d1"/>
            <object_component_ref idref="oc-d6"/>
            <object_component_ref idref="oc-db"/>
            <object_component_ref idref="oc-df"/>
            <object_component_ref idref="oc-120"/>
         </contents>
      </logical_group>
      <logical_group id="lg-112" display="never" color="cyan">
         <name>.debug_line</name>
         <load_address>0x0</load_address>
         <run_address>0x0</run_address>
         <size>0x554</size>
         <contents>
            <object_component_ref idref="oc-3c"/>
            <object_component_ref idref="oc-53"/>
            <object_component_ref idref="oc-58"/>
            <object_component_ref idref="oc-5c"/>
            <object_component_ref idref="oc-61"/>
            <object_component_ref idref="oc-66"/>
            <object_component_ref idref="oc-8a"/>
            <object_component_ref idref="oc-8d"/>
            <object_component_ref idref="oc-94"/>
            <object_component_ref idref="oc-9a"/>
            <object_component_ref idref="oc-9f"/>
            <object_component_ref idref="oc-a5"/>
            <object_component_ref idref="oc-bf"/>
            <object_component_ref idref="oc-c2"/>
            <object_component_ref idref="oc-c7"/>
            <object_component_ref idref="oc-cc"/>
            <object_component_ref idref="oc-d2"/>
            <object_component_ref idref="oc-d7"/>
            <object_component_ref idref="oc-e0"/>
            <object_component_ref idref="oc-e7"/>
         </contents>
      </logical_group>
      <logical_group id="lg-114" display="never" color="cyan">
         <name>.debug_frame</name>
         <load_address>0x0</load_address>
         <run_address>0x0</run_address>
         <size>0x313</size>
         <contents>
            <object_component_ref idref="oc-3d"/>
            <object_component_ref idref="oc-57"/>
            <object_component_ref idref="oc-5d"/>
            <object_component_ref idref="oc-62"/>
            <object_component_ref idref="oc-67"/>
            <object_component_ref idref="oc-9b"/>
            <object_component_ref idref="oc-a0"/>
            <object_component_ref idref="oc-a6"/>
            <object_component_ref idref="oc-c8"/>
            <object_component_ref idref="oc-cd"/>
            <object_component_ref idref="oc-d8"/>
         </contents>
      </logical_group>
      <logical_group id="lg-116" display="never" color="cyan">
         <name>.debug_aranges</name>
         <load_address>0x0</load_address>
         <run_address>0x0</run_address>
         <size>0x1e0</size>
         <contents>
            <object_component_ref idref="oc-3e"/>
            <object_component_ref idref="oc-54"/>
            <object_component_ref idref="oc-59"/>
            <object_component_ref idref="oc-5e"/>
            <object_component_ref idref="oc-63"/>
            <object_component_ref idref="oc-68"/>
            <object_component_ref idref="oc-95"/>
            <object_component_ref idref="oc-9c"/>
            <object_component_ref idref="oc-a1"/>
            <object_component_ref idref="oc-a7"/>
            <object_component_ref idref="oc-c9"/>
            <object_component_ref idref="oc-ce"/>
            <object_component_ref idref="oc-d3"/>
            <object_component_ref idref="oc-d9"/>
            <object_component_ref idref="oc-e1"/>
         </contents>
      </logical_group>
      <logical_group id="lg-118" display="never" color="cyan">
         <name>.debug_abbrev</name>
         <load_address>0x0</load_address>
         <run_address>0x0</run_address>
         <size>0x692</size>
         <contents>
            <object_component_ref idref="oc-69"/>
            <object_component_ref idref="oc-89"/>
            <object_component_ref idref="oc-8c"/>
            <object_component_ref idref="oc-90"/>
            <object_component_ref idref="oc-91"/>
            <object_component_ref idref="oc-96"/>
            <object_component_ref idref="oc-a8"/>
            <object_component_ref idref="oc-a9"/>
            <object_component_ref idref="oc-bd"/>
            <object_component_ref idref="oc-be"/>
            <object_component_ref idref="oc-c1"/>
            <object_component_ref idref="oc-cf"/>
            <object_component_ref idref="oc-d4"/>
            <object_component_ref idref="oc-da"/>
            <object_component_ref idref="oc-e2"/>
            <object_component_ref idref="oc-e3"/>
            <object_component_ref idref="oc-e4"/>
            <object_component_ref idref="oc-e5"/>
            <object_component_ref idref="oc-e6"/>
            <object_component_ref idref="oc-e8"/>
            <object_component_ref idref="oc-121"/>
         </contents>
      </logical_group>
      <logical_group id="lg-11a" display="never" color="cyan">
         <name>.debug_str</name>
         <load_address>0x0</load_address>
         <run_address>0x0</run_address>
         <size>0x189</size>
         <contents>
            <object_component_ref idref="oc-8e"/>
            <object_component_ref idref="oc-c3"/>
         </contents>
      </logical_group>
      <logical_group id="lg-11c" display="never" color="cyan">
         <name>.debug_pubtypes</name>
         <load_address>0x0</load_address>
         <run_address>0x0</run_address>
         <size>0x11c</size>
         <contents>
            <object_component_ref idref="oc-8f"/>
            <object_component_ref idref="oc-c4"/>
         </contents>
      </logical_group>
      <load_segment id="lg-122" display="no" color="cyan">
         <name>SEGMENT_0</name>
         <run_address>0x3b0</run_address>
         <size>0x50</size>
         <flags>0x6</flags>
         <contents>
            <logical_group_ref idref="lg-5"/>
         </contents>
      </load_segment>
      <load_segment id="lg-123" display="no" color="cyan">
         <name>SEGMENT_1</name>
         <load_address>0xc000</load_address>
         <run_address>0xc000</run_address>
         <size>0x31c</size>
         <flags>0x5</flags>
         <contents>
            <logical_group_ref idref="lg-6"/>
            <logical_group_ref idref="lg-8"/>
         </contents>
      </load_segment>
      <load_segment id="lg-124" display="no" color="cyan">
         <name>SEGMENT_2</name>
         <load_address>0xffe4</load_address>
         <run_address>0xffe4</run_address>
         <size>0x4</size>
         <flags>0x4</flags>
         <contents>
            <logical_group_ref idref="lg-14"/>
            <logical_group_ref idref="lg-16"/>
         </contents>
      </load_segment>
      <load_segment id="lg-125" display="no" color="cyan">
         <name>SEGMENT_3</name>
         <load_address>0xffea</load_address>
         <run_address>0xffea</run_address>
         <size>0x16</size>
         <flags>0x4</flags>
         <contents>
            <logical_group_ref idref="lg-19"/>
            <logical_group_ref idref="lg-1b"/>
            <logical_group_ref idref="lg-1d"/>
            <logical_group_ref idref="lg-1f"/>
            <logical_group_ref idref="lg-21"/>
            <logical_group_ref idref="lg-23"/>
            <logical_group_ref idref="lg-25"/>
            <logical_group_ref idref="lg-27"/>
            <logical_group_ref idref="lg-29"/>
            <logical_group_ref idref="lg-2b"/>
            <logical_group_ref idref="lg-2d"/>
         </contents>
      </load_segment>
   </logical_group_list>
   <placement_map>
      <memory_area display="no" color="green">
         <name>SFR</name>
         <page_id>0x0</page_id>
         <origin>0x0</origin>
         <length>0x10</length>
         <used_space>0x0</used_space>
         <unused_space>0x10</unused_space>
         <attributes>RWIX</attributes>
         <usage_details>
         </usage_details>
      </memory_area>
      <memory_area display="yes" color="green">
         <name>PERIPHERALS_8BIT</name>
         <page_id>0x0</page_id>
         <origin>0x10</origin>
         <length>0xf0</length>
         <used_space>0x0</used_space>
         <unused_space>0xf0</unused_space>
         <attributes>RWIX</attributes>
         <usage_details>
         </usage_details>
      </memory_area>
      <memory_area display="yes" color="green">
         <name>PERIPHERALS_16BIT</name>
         <page_id>0x0</page_id>
         <origin>0x100</origin>
         <length>0x100</length>
         <used_space>0x0</used_space>
         <unused_space>0x100</unused_space>
         <attributes>RWIX</attributes>
         <usage_details>
         </usage_details>
      </memory_area>
      <memory_area display="yes" color="green">
         <name>RAM</name>
         <page_id>0x0</page_id>
         <origin>0x200</origin>
         <length>0x200</length>
         <used_space>0x50</used_space>
         <unused_space>0x1b0</unused_space>
         <attributes>RWIX</attributes>
         <usage_details>
            <available_space>
               <start_address>0x200</start_address>
               <size>0x1b0</size>
            </available_space>
            <allocated_space>
               <start_address>0x3b0</start_address>
               <size>0x50</size>
               <logical_group_ref idref="lg-5"/>
            </allocated_space>
         </usage_details>
      </memory_area>
      <memory_area display="no" color="green">
         <name>INFOD</name>
         <page_id>0x0</page_id>
         <origin>0x1000</origin>
         <length>0x40</length>
         <used_space>0x0</used_space>
         <unused_space>0x40</unused_space>
         <attributes>RWIX</attributes>
         <usage_details>
         </usage_details>
      </memory_area>
      <memory_area display="no" color="green">
         <name>INFOC</name>
         <page_id>0x0</page_id>
         <origin>0x1040</origin>
         <length>0x40</length>
         <used_space>0x0</used_space>
         <unused_space>0x40</unused_space>
         <attributes>RWIX</attributes>
         <usage_details>
         </usage_details>
      </memory_area>
      <memory_area display="no" color="green">
         <name>INFOB</name>
         <page_id>0x0</page_id>
         <origin>0x1080</origin>
         <length>0x40</length>
         <used_space>0x0</used_space>
         <unused_space>0x40</unused_space>
         <attributes>RWIX</attributes>
         <usage_details>
         </usage_details>
      </memory_area>
      <memory_area display="no" color="green">
         <name>INFOA</name>
         <page_id>0x0</page_id>
         <origin>0x10c0</origin>
         <length>0x40</length>
         <used_space>0x0</used_space>
         <unused_space>0x40</unused_space>
         <attributes>RWIX</attributes>
         <usage_details>
         </usage_details>
      </memory_area>
      <memory_area display="yes" color="green">
         <name>FLASH</name>
         <page_id>0x0</page_id>
         <origin>0xc000</origin>
         <length>0x3fe0</length>
         <used_space>0x31c</used_space>
         <unused_space>0x3cc4</unused_space>
         <attributes>RWIX</attributes>
         <usage_details>
            <allocated_space>
               <start_address>0xc000</start_address>
               <size>0x302</size>
               <logical_group_ref idref="lg-6"/>
            </allocated_space>
            <allocated_space>
               <start_address>0xc302</start_address>
               <size>0x1a</size>
               <logical_group_ref idref="lg-8"/>
            </allocated_space>
            <available_space>
               <start_address>0xc31c</start_address>
               <size>0x3cc4</size>
            </available_space>
         </usage_details>
      </memory_area>
      <memory_area display="no" color="green">
         <name>INT00</name>
         <page_id>0x0</page_id>
         <origin>0xffe0</origin>
         <length>0x2</length>
         <used_space>0x0</used_space>
         <unused_space>0x2</unused_space>
         <attributes>RWIX</attributes>
         <usage_details>
         </usage_details>
      </memory_area>
      <memory_area display="no" color="green">
         <name>INT01</name>
         <page_id>0x0</page_id>
         <origin>0xffe2</origin>
         <length>0x2</length>
         <used_space>0x0</used_space>
         <unused_space>0x2</unused_space>
         <attributes>RWIX</attributes>
         <usage_details>
         </usage_details>
      </memory_area>
      <memory_area display="no" color="green">
         <name>INT02</name>
         <page_id>0x0</page_id>
         <origin>0xffe4</origin>
         <length>0x2</length>
         <used_space>0x2</used_space>
         <unused_space>0x0</unused_space>
         <attributes>RWIX</attributes>
         <usage_details>
            <allocated_space>
               <start_address>0xffe4</start_address>
               <size>0x2</size>
               <logical_group_ref idref="lg-14"/>
            </allocated_space>
         </usage_details>
      </memory_area>
      <memory_area display="no" color="green">
         <name>INT03</name>
         <page_id>0x0</page_id>
         <origin>0xffe6</origin>
         <length>0x2</length>
         <used_space>0x2</used_space>
         <unused_space>0x0</unused_space>
         <attributes>RWIX</attributes>
         <usage_details>
            <allocated_space>
               <start_address>0xffe6</start_address>
               <size>0x2</size>
               <logical_group_ref idref="lg-16"/>
            </allocated_space>
         </usage_details>
      </memory_area>
      <memory_area display="no" color="green">
         <name>INT04</name>
         <page_id>0x0</page_id>
         <origin>0xffe8</origin>
         <length>0x2</length>
         <used_space>0x0</used_space>
         <unused_space>0x2</unused_space>
         <attributes>RWIX</attributes>
         <usage_details>
         </usage_details>
      </memory_area>
      <memory_area display="no" color="green">
         <name>INT05</name>
         <page_id>0x0</page_id>
         <origin>0xffea</origin>
         <length>0x2</length>
         <used_space>0x2</used_space>
         <unused_space>0x0</unused_space>
         <attributes>RWIX</attributes>
         <usage_details>
            <allocated_space>
               <start_address>0xffea</start_address>
               <size>0x2</size>
               <logical_group_ref idref="lg-19"/>
            </allocated_space>
         </usage_details>
      </memory_area>
      <memory_area display="no" color="green">
         <name>INT06</name>
         <page_id>0x0</page_id>
         <origin>0xffec</origin>
         <length>0x2</length>
         <used_space>0x2</used_space>
         <unused_space>0x0</unused_space>
         <attributes>RWIX</attributes>
         <usage_details>
            <allocated_space>
               <start_address>0xffec</start_address>
               <size>0x2</size>
               <logical_group_ref idref="lg-1b"/>
            </allocated_space>
         </usage_details>
      </memory_area>
      <memory_area display="no" color="green">
         <name>INT07</name>
         <page_id>0x0</page_id>
         <origin>0xffee</origin>
         <length>0x2</length>
         <used_space>0x2</used_space>
         <unused_space>0x0</unused_space>
         <attributes>RWIX</attributes>
         <usage_details>
            <allocated_space>
               <start_address>0xffee</start_address>
               <size>0x2</size>
               <logical_group_ref idref="lg-1d"/>
            </allocated_space>
         </usage_details>
      </memory_area>
      <memory_area display="no" color="green">
         <name>INT08</name>
         <page_id>0x0</page_id>
         <origin>0xfff0</origin>
         <length>0x2</length>
         <used_space>0x2</used_space>
         <unused_space>0x0</unused_space>
         <attributes>RWIX</attributes>
         <usage_details>
            <allocated_space>
               <start_address>0xfff0</start_address>
               <size>0x2</size>
               <logical_group_ref idref="lg-1f"/>
            </allocated_space>
         </usage_details>
      </memory_area>
      <memory_area display="no" color="green">
         <name>INT09</name>
         <page_id>0x0</page_id>
         <origin>0xfff2</origin>
         <length>0x2</length>
         <used_space>0x2</used_space>
         <unused_space>0x0</unused_space>
         <attributes>RWIX</attributes>
         <usage_details>
            <allocated_space>
               <start_address>0xfff2</start_address>
               <size>0x2</size>
               <logical_group_ref idref="lg-21"/>
            </allocated_space>
         </usage_details>
      </memory_area>
      <memory_area display="no" color="green">
         <name>INT10</name>
         <page_id>0x0</page_id>
         <origin>0xfff4</origin>
         <length>0x2</length>
         <used_space>0x2</used_space>
         <unused_space>0x0</unused_space>
         <attributes>RWIX</attributes>
         <usage_details>
            <allocated_space>
               <start_address>0xfff4</start_address>
               <size>0x2</size>
               <logical_group_ref idref="lg-23"/>
            </allocated_space>
         </usage_details>
      </memory_area>
      <memory_area display="no" color="green">
         <name>INT11</name>
         <page_id>0x0</page_id>
         <origin>0xfff6</origin>
         <length>0x2</length>
         <used_space>0x2</used_space>
         <unused_space>0x0</unused_space>
         <attributes>RWIX</attributes>
         <usage_details>
            <allocated_space>
               <start_address>0xfff6</start_address>
               <size>0x2</size>
               <logical_group_ref idref="lg-25"/>
            </allocated_space>
         </usage_details>
      </memory_area>
      <memory_area display="no" color="green">
         <name>INT12</name>
         <page_id>0x0</page_id>
         <origin>0xfff8</origin>
         <length>0x2</length>
         <used_space>0x2</used_space>
         <unused_space>0x0</unused_space>
         <attributes>RWIX</attributes>
         <usage_details>
            <allocated_space>
               <start_address>0xfff8</start_address>
               <size>0x2</size>
               <logical_group_ref idref="lg-27"/>
            </allocated_space>
         </usage_details>
      </memory_area>
      <memory_area display="no" color="green">
         <name>INT13</name>
         <page_id>0x0</page_id>
         <origin>0xfffa</origin>
         <length>0x2</length>
         <used_space>0x2</used_space>
         <unused_space>0x0</unused_space>
         <attributes>RWIX</attributes>
         <usage_details>
            <allocated_space>
               <start_address>0xfffa</start_address>
               <size>0x2</size>
               <logical_group_ref idref="lg-29"/>
            </allocated_space>
         </usage_details>
      </memory_area>
      <memory_area display="no" color="green">
         <name>INT14</name>
         <page_id>0x0</page_id>
         <origin>0xfffc</origin>
         <length>0x2</length>
         <used_space>0x2</used_space>
         <unused_space>0x0</unused_space>
         <attributes>RWIX</attributes>
         <usage_details>
            <allocated_space>
               <start_address>0xfffc</start_address>
               <size>0x2</size>
               <logical_group_ref idref="lg-2b"/>
            </allocated_space>
         </usage_details>
      </memory_area>
      <memory_area display="no" color="green">
         <name>RESET</name>
         <page_id>0x0</page_id>
         <origin>0xfffe</origin>
         <length>0x2</length>
         <used_space>0x2</used_space>
         <unused_space>0x0</unused_space>
         <attributes>RWIX</attributes>
         <usage_details>
            <allocated_space>
               <start_address>0xfffe</start_address>
               <size>0x2</size>
               <logical_group_ref idref="lg-2d"/>
            </allocated_space>
         </usage_details>
      </memory_area>
   </placement_map>
   <symbol_table>
      <symbol id="sm-1">
         <name>IE1</name>
         <value>0x0</value>
      </symbol>
      <symbol id="sm-2">
         <name>IFG1</name>
         <value>0x2</value>
      </symbol>
      <symbol id="sm-3">
         <name>IE2</name>
         <value>0x1</value>
      </symbol>
      <symbol id="sm-4">
         <name>IFG2</name>
         <value>0x3</value>
      </symbol>
      <symbol id="sm-5">
         <name>ADC10DTC0</name>
         <value>0x48</value>
      </symbol>
      <symbol id="sm-6">
         <name>ADC10DTC1</name>
         <value>0x49</value>
      </symbol>
      <symbol id="sm-7">
         <name>ADC10AE0</name>
         <value>0x4a</value>
      </symbol>
      <symbol id="sm-8">
         <name>ADC10CTL0</name>
         <value>0x1b0</value>
      </symbol>
      <symbol id="sm-9">
         <name>ADC10CTL1</name>
         <value>0x1b2</value>
      </symbol>
      <symbol id="sm-a">
         <name>ADC10MEM</name>
         <value>0x1b4</value>
      </symbol>
      <symbol id="sm-b">
         <name>ADC10SA</name>
         <value>0x1bc</value>
      </symbol>
      <symbol id="sm-c">
         <name>DCOCTL</name>
         <value>0x56</value>
      </symbol>
      <symbol id="sm-d">
         <name>BCSCTL1</name>
         <value>0x57</value>
      </symbol>
      <symbol id="sm-e">
         <name>BCSCTL2</name>
         <value>0x58</value>
      </symbol>
      <symbol id="sm-f">
         <name>BCSCTL3</name>
         <value>0x53</value>
      </symbol>
      <symbol id="sm-10">
         <name>CACTL1</name>
         <value>0x59</value>
      </symbol>
      <symbol id="sm-11">
         <name>CACTL2</name>
         <value>0x5a</value>
      </symbol>
      <symbol id="sm-12">
         <name>CAPD</name>
         <value>0x5b</value>
      </symbol>
      <symbol id="sm-13">
         <name>FCTL1</name>
         <value>0x128</value>
      </symbol>
      <symbol id="sm-14">
         <name>FCTL2</name>
         <value>0x12a</value>
      </symbol>
      <symbol id="sm-15">
         <name>FCTL3</name>
         <value>0x12c</value>
      </symbol>
      <symbol id="sm-16">
         <name>P1IN</name>
         <value>0x20</value>
      </symbol>
      <symbol id="sm-17">
         <name>P1OUT</name>
         <value>0x21</value>
      </symbol>
      <symbol id="sm-18">
         <name>P1DIR</name>
         <value>0x22</value>
      </symbol>
      <symbol id="sm-19">
         <name>P1IFG</name>
         <value>0x23</value>
      </symbol>
      <symbol id="sm-1a">
         <name>P1IES</name>
         <value>0x24</value>
      </symbol>
      <symbol id="sm-1b">
         <name>P1IE</name>
         <value>0x25</value>
      </symbol>
      <symbol id="sm-1c">
         <name>P1SEL</name>
         <value>0x26</value>
      </symbol>
      <symbol id="sm-1d">
         <name>P1SEL2</name>
         <value>0x41</value>
      </symbol>
      <symbol id="sm-1e">
         <name>P1REN</name>
         <value>0x27</value>
      </symbol>
      <symbol id="sm-1f">
         <name>P2IN</name>
         <value>0x28</value>
      </symbol>
      <symbol id="sm-20">
         <name>P2OUT</name>
         <value>0x29</value>
      </symbol>
      <symbol id="sm-21">
         <name>P2DIR</name>
         <value>0x2a</value>
      </symbol>
      <symbol id="sm-22">
         <name>P2IFG</name>
         <value>0x2b</value>
      </symbol>
      <symbol id="sm-23">
         <name>P2IES</name>
         <value>0x2c</value>
      </symbol>
      <symbol id="sm-24">
         <name>P2IE</name>
         <value>0x2d</value>
      </symbol>
      <symbol id="sm-25">
         <name>P2SEL</name>
         <value>0x2e</value>
      </symbol>
      <symbol id="sm-26">
         <name>P2SEL2</name>
         <value>0x42</value>
      </symbol>
      <symbol id="sm-27">
         <name>P2REN</name>
         <value>0x2f</value>
      </symbol>
      <symbol id="sm-28">
         <name>P3IN</name>
         <value>0x18</value>
      </symbol>
      <symbol id="sm-29">
         <name>P3OUT</name>
         <value>0x19</value>
      </symbol>
      <symbol id="sm-2a">
         <name>P3DIR</name>
         <value>0x1a</value>
      </symbol>
      <symbol id="sm-2b">
         <name>P3SEL</name>
         <value>0x1b</value>
      </symbol>
      <symbol id="sm-2c">
         <name>P3SEL2</name>
         <value>0x43</value>
      </symbol>
      <symbol id="sm-2d">
         <name>P3REN</name>
         <value>0x10</value>
      </symbol>
      <symbol id="sm-2e">
         <name>TA0IV</name>
         <value>0x12e</value>
      </symbol>
      <symbol id="sm-2f">
         <name>TA0CTL</name>
         <value>0x160</value>
      </symbol>
      <symbol id="sm-30">
         <name>TA0CCTL0</name>
         <value>0x162</value>
      </symbol>
      <symbol id="sm-31">
         <name>TA0CCTL1</name>
         <value>0x164</value>
      </symbol>
      <symbol id="sm-32">
         <name>TA0CCTL2</name>
         <value>0x166</value>
      </symbol>
      <symbol id="sm-33">
         <name>TA0R</name>
         <value>0x170</value>
      </symbol>
      <symbol id="sm-34">
         <name>TA0CCR0</name>
         <value>0x172</value>
      </symbol>
      <symbol id="sm-35">
         <name>TA0CCR1</name>
         <value>0x174</value>
      </symbol>
      <symbol id="sm-36">
         <name>TA0CCR2</name>
         <value>0x176</value>
      </symbol>
      <symbol id="sm-37">
         <name>TA1IV</name>
         <value>0x11e</value>
      </symbol>
      <symbol id="sm-38">
         <name>TA1CTL</name>
         <value>0x180</value>
      </symbol>
      <symbol id="sm-39">
         <name>TA1CCTL0</name>
         <value>0x182</value>
      </symbol>
      <symbol id="sm-3a">
         <name>TA1CCTL1</name>
         <value>0x184</value>
      </symbol>
      <symbol id="sm-3b">
         <name>TA1CCTL2</name>
         <value>0x186</value>
      </symbol>
      <symbol id="sm-3c">
         <name>TA1R</name>
         <value>0x190</value>
      </symbol>
      <symbol id="sm-3d">
         <name>TA1CCR0</name>
         <value>0x192</value>
      </symbol>
      <symbol id="sm-3e">
         <name>TA1CCR1</name>
         <value>0x194</value>
      </symbol>
      <symbol id="sm-3f">
         <name>TA1CCR2</name>
         <value>0x196</value>
      </symbol>
      <symbol id="sm-40">
         <name>UCA0CTL0</name>
         <value>0x60</value>
      </symbol>
      <symbol id="sm-41">
         <name>UCA0CTL1</name>
         <value>0x61</value>
      </symbol>
      <symbol id="sm-42">
         <name>UCA0BR0</name>
         <value>0x62</value>
      </symbol>
      <symbol id="sm-43">
         <name>UCA0BR1</name>
         <value>0x63</value>
      </symbol>
      <symbol id="sm-44">
         <name>UCA0MCTL</name>
         <value>0x64</value>
      </symbol>
      <symbol id="sm-45">
         <name>UCA0STAT</name>
         <value>0x65</value>
      </symbol>
      <symbol id="sm-46">
         <name>UCA0RXBUF</name>
         <value>0x66</value>
      </symbol>
      <symbol id="sm-47">
         <name>UCA0TXBUF</name>
         <value>0x67</value>
      </symbol>
      <symbol id="sm-48">
         <name>UCA0ABCTL</name>
         <value>0x5d</value>
      </symbol>
      <symbol id="sm-49">
         <name>UCA0IRTCTL</name>
         <value>0x5e</value>
      </symbol>
      <symbol id="sm-4a">
         <name>UCA0IRRCTL</name>
         <value>0x5f</value>
      </symbol>
      <symbol id="sm-4b">
         <name>UCB0CTL0</name>
         <value>0x68</value>
      </symbol>
      <symbol id="sm-4c">
         <name>UCB0CTL1</name>
         <value>0x69</value>
      </symbol>
      <symbol id="sm-4d">
         <name>UCB0BR0</name>
         <value>0x6a</value>
      </symbol>
      <symbol id="sm-4e">
         <name>UCB0BR1</name>
         <value>0x6b</value>
      </symbol>
      <symbol id="sm-4f">
         <name>UCB0I2CIE</name>
         <value>0x6c</value>
      </symbol>
      <symbol id="sm-50">
         <name>UCB0STAT</name>
         <value>0x6d</value>
      </symbol>
      <symbol id="sm-51">
         <name>UCB0RXBUF</name>
         <value>0x6e</value>
      </symbol>
      <symbol id="sm-52">
         <name>UCB0TXBUF</name>
         <value>0x6f</value>
      </symbol>
      <symbol id="sm-53">
         <name>UCB0I2COA</name>
         <value>0x118</value>
      </symbol>
      <symbol id="sm-54">
         <name>UCB0I2CSA</name>
         <value>0x11a</value>
      </symbol>
      <symbol id="sm-55">
         <name>WDTCTL</name>
         <value>0x120</value>
      </symbol>
      <symbol id="sm-56">
         <name>CALDCO_16MHZ</name>
         <value>0x10f8</value>
      </symbol>
      <symbol id="sm-57">
         <name>CALBC1_16MHZ</name>
         <value>0x10f9</value>
      </symbol>
      <symbol id="sm-58">
         <name>CALDCO_12MHZ</name>
         <value>0x10fa</value>
      </symbol>
      <symbol id="sm-59">
         <name>CALBC1_12MHZ</name>
         <value>0x10fb</value>
      </symbol>
      <symbol id="sm-5a">
         <name>CALDCO_8MHZ</name>
         <value>0x10fc</value>
      </symbol>
      <symbol id="sm-5b">
         <name>CALBC1_8MHZ</name>
         <value>0x10fd</value>
      </symbol>
      <symbol id="sm-5c">
         <name>CALDCO_1MHZ</name>
         <value>0x10fe</value>
      </symbol>
      <symbol id="sm-5d">
         <name>CALBC1_1MHZ</name>
         <value>0x10ff</value>
      </symbol>
      <symbol id="sm-5e">
         <name>binit</name>
         <value>0xffffffff</value>
      </symbol>
      <symbol id="sm-5f">
         <name>__binit__</name>
         <value>0xffffffff</value>
      </symbol>
      <symbol id="sm-60">
         <name>__STACK_SIZE</name>
         <value>0x50</value>
      </symbol>
      <symbol id="sm-61">
         <name>__STACK_END</name>
         <value>0x400</value>
      </symbol>
      <symbol id="sm-62">
         <name>__c_args__</name>
         <value>0xffffffff</value>
      </symbol>
      <symbol id="sm-9b">
         <name>main</name>
         <value>0xc242</value>
         <object_component_ref idref="oc-5f"/>
      </symbol>
      <symbol id="sm-d4">
         <name>LCD_Yazi_Yaz</name>
         <value>0xc2d2</value>
         <object_component_ref idref="oc-a3"/>
      </symbol>
      <symbol id="sm-d5">
         <name>LCD_Temizle</name>
         <value>0xc2ba</value>
         <object_component_ref idref="oc-ca"/>
      </symbol>
      <symbol id="sm-d6">
         <name>LCD_Git_XY</name>
         <value>0xc1a6</value>
         <object_component_ref idref="oc-9d"/>
      </symbol>
      <symbol id="sm-d7">
         <name>LCD_Karakter_Yaz</name>
         <value>0xc0f6</value>
         <object_component_ref idref="oc-d5"/>
      </symbol>
      <symbol id="sm-d8">
         <name>LCD_Komut_Yaz</name>
         <value>0xc14e</value>
         <object_component_ref idref="oc-c5"/>
      </symbol>
      <symbol id="sm-d9">
         <name>LCD_Ayarla</name>
         <value>0xc000</value>
         <object_component_ref idref="oc-98"/>
      </symbol>
      <symbol id="sm-e7">
         <name>_c_int00_noexit</name>
         <value>0xc2a0</value>
         <object_component_ref idref="oc-3a"/>
      </symbol>
      <symbol id="sm-e8">
         <name>_c_int00</name>
         <value>0xc2a0</value>
         <object_component_ref idref="oc-3a"/>
      </symbol>
      <symbol id="sm-e9">
         <name>_stack</name>
         <value>0x3b0</value>
         <object_component_ref idref="oc-4e"/>
      </symbol>
      <symbol id="sm-ea">
         <name>_reset_vector</name>
         <value>0xfffe</value>
         <object_component_ref idref="oc-50"/>
      </symbol>
      <symbol id="sm-f5">
         <name>__mspabi_func_epilog_2</name>
         <value>0xc2ee</value>
         <object_component_ref idref="oc-92"/>
      </symbol>
      <symbol id="sm-f6">
         <name>__mspabi_func_epilog_3</name>
         <value>0xc2ec</value>
         <object_component_ref idref="oc-92"/>
      </symbol>
      <symbol id="sm-f7">
         <name>__mspabi_func_epilog_1</name>
         <value>0xc2f0</value>
         <object_component_ref idref="oc-92"/>
      </symbol>
      <symbol id="sm-f8">
         <name>__mspabi_func_epilog_6</name>
         <value>0xc2e6</value>
         <object_component_ref idref="oc-92"/>
      </symbol>
      <symbol id="sm-f9">
         <name>__mspabi_func_epilog_7</name>
         <value>0xc2e4</value>
         <object_component_ref idref="oc-92"/>
      </symbol>
      <symbol id="sm-fa">
         <name>__mspabi_func_epilog_4</name>
         <value>0xc2ea</value>
         <object_component_ref idref="oc-92"/>
      </symbol>
      <symbol id="sm-fb">
         <name>__mspabi_func_epilog_5</name>
         <value>0xc2e8</value>
         <object_component_ref idref="oc-92"/>
      </symbol>
      <symbol id="sm-104">
         <name>C$$EXIT</name>
         <value>0xc2fe</value>
         <object_component_ref idref="oc-64"/>
      </symbol>
      <symbol id="sm-105">
         <name>abort</name>
         <value>0xc2fe</value>
         <object_component_ref idref="oc-64"/>
      </symbol>
      <symbol id="sm-106">
         <name>__TI_exit</name>
         <value>0x1</value>
      </symbol>
      <symbol id="sm-109">
         <name>__TI_int02</name>
         <value>0xffe4</value>
         <object_component_ref idref="oc-2e"/>
      </symbol>
      <symbol id="sm-10c">
         <name>__TI_int03</name>
         <value>0xffe6</value>
         <object_component_ref idref="oc-2f"/>
      </symbol>
      <symbol id="sm-10f">
         <name>__TI_int05</name>
         <value>0xffea</value>
         <object_component_ref idref="oc-30"/>
      </symbol>
      <symbol id="sm-112">
         <name>__TI_int06</name>
         <value>0xffec</value>
         <object_component_ref idref="oc-31"/>
      </symbol>
      <symbol id="sm-115">
         <name>__TI_int07</name>
         <value>0xffee</value>
         <object_component_ref idref="oc-32"/>
      </symbol>
      <symbol id="sm-118">
         <name>__TI_int08</name>
         <value>0xfff0</value>
         <object_component_ref idref="oc-33"/>
      </symbol>
      <symbol id="sm-11b">
         <name>__TI_int09</name>
         <value>0xfff2</value>
         <object_component_ref idref="oc-34"/>
      </symbol>
      <symbol id="sm-11e">
         <name>__TI_int10</name>
         <value>0xfff4</value>
         <object_component_ref idref="oc-35"/>
      </symbol>
      <symbol id="sm-121">
         <name>__TI_int11</name>
         <value>0xfff6</value>
         <object_component_ref idref="oc-36"/>
      </symbol>
      <symbol id="sm-124">
         <name>__TI_int12</name>
         <value>0xfff8</value>
         <object_component_ref idref="oc-37"/>
      </symbol>
      <symbol id="sm-127">
         <name>__TI_int13</name>
         <value>0xfffa</value>
         <object_component_ref idref="oc-38"/>
      </symbol>
      <symbol id="sm-12a">
         <name>__TI_int14</name>
         <value>0xfffc</value>
         <object_component_ref idref="oc-39"/>
      </symbol>
      <symbol id="sm-131">
         <name>__TI_ISR_TRAP</name>
         <value>0xc2f4</value>
         <object_component_ref idref="oc-51"/>
      </symbol>
      <symbol id="sm-138">
         <name>__mspabi_slli</name>
         <value>0xc274</value>
         <object_component_ref idref="oc-de"/>
      </symbol>
      <symbol id="sm-139">
         <name>__mspabi_slli_9</name>
         <value>0xc28c</value>
         <object_component_ref idref="oc-de"/>
      </symbol>
      <symbol id="sm-13a">
         <name>__mspabi_slli_8</name>
         <value>0xc28e</value>
         <object_component_ref idref="oc-de"/>
      </symbol>
      <symbol id="sm-13b">
         <name>__mspabi_slli_7</name>
         <value>0xc290</value>
         <object_component_ref idref="oc-de"/>
      </symbol>
      <symbol id="sm-13c">
         <name>__mspabi_slli_6</name>
         <value>0xc292</value>
         <object_component_ref idref="oc-de"/>
      </symbol>
      <symbol id="sm-13d">
         <name>__mspabi_slli_5</name>
         <value>0xc294</value>
         <object_component_ref idref="oc-de"/>
      </symbol>
      <symbol id="sm-13e">
         <name>__mspabi_slli_4</name>
         <value>0xc296</value>
         <object_component_ref idref="oc-de"/>
      </symbol>
      <symbol id="sm-13f">
         <name>__mspabi_slli_3</name>
         <value>0xc298</value>
         <object_component_ref idref="oc-de"/>
      </symbol>
      <symbol id="sm-140">
         <name>__mspabi_slli_2</name>
         <value>0xc29a</value>
         <object_component_ref idref="oc-de"/>
      </symbol>
      <symbol id="sm-141">
         <name>__mspabi_slli_1</name>
         <value>0xc29c</value>
         <object_component_ref idref="oc-de"/>
      </symbol>
      <symbol id="sm-142">
         <name>__mspabi_slli_15</name>
         <value>0xc280</value>
         <object_component_ref idref="oc-de"/>
      </symbol>
      <symbol id="sm-143">
         <name>__mspabi_slli_14</name>
         <value>0xc282</value>
         <object_component_ref idref="oc-de"/>
      </symbol>
      <symbol id="sm-144">
         <name>__mspabi_slli_13</name>
         <value>0xc284</value>
         <object_component_ref idref="oc-de"/>
      </symbol>
      <symbol id="sm-145">
         <name>__mspabi_slli_12</name>
         <value>0xc286</value>
         <object_component_ref idref="oc-de"/>
      </symbol>
      <symbol id="sm-146">
         <name>__mspabi_slli_11</name>
         <value>0xc288</value>
         <object_component_ref idref="oc-de"/>
      </symbol>
      <symbol id="sm-147">
         <name>__mspabi_slli_10</name>
         <value>0xc28a</value>
         <object_component_ref idref="oc-de"/>
      </symbol>
      <symbol id="sm-14e">
         <name>__mspabi_srli_8</name>
         <value>0xc220</value>
         <object_component_ref idref="oc-d0"/>
      </symbol>
      <symbol id="sm-14f">
         <name>__mspabi_srli_9</name>
         <value>0xc21c</value>
         <object_component_ref idref="oc-d0"/>
      </symbol>
      <symbol id="sm-150">
         <name>__mspabi_srli_6</name>
         <value>0xc228</value>
         <object_component_ref idref="oc-d0"/>
      </symbol>
      <symbol id="sm-151">
         <name>__mspabi_srli_7</name>
         <value>0xc224</value>
         <object_component_ref idref="oc-d0"/>
      </symbol>
      <symbol id="sm-152">
         <name>__mspabi_srli_4</name>
         <value>0xc230</value>
         <object_component_ref idref="oc-d0"/>
      </symbol>
      <symbol id="sm-153">
         <name>__mspabi_srli_5</name>
         <value>0xc22c</value>
         <object_component_ref idref="oc-d0"/>
      </symbol>
      <symbol id="sm-154">
         <name>__mspabi_srli_2</name>
         <value>0xc238</value>
         <object_component_ref idref="oc-d0"/>
      </symbol>
      <symbol id="sm-155">
         <name>__mspabi_srli_3</name>
         <value>0xc234</value>
         <object_component_ref idref="oc-d0"/>
      </symbol>
      <symbol id="sm-156">
         <name>__mspabi_srli_1</name>
         <value>0xc23c</value>
         <object_component_ref idref="oc-d0"/>
      </symbol>
      <symbol id="sm-157">
         <name>__mspabi_srli</name>
         <value>0xc1f6</value>
         <object_component_ref idref="oc-d0"/>
      </symbol>
      <symbol id="sm-158">
         <name>__mspabi_srli_15</name>
         <value>0xc204</value>
         <object_component_ref idref="oc-d0"/>
      </symbol>
      <symbol id="sm-159">
         <name>__mspabi_srli_14</name>
         <value>0xc208</value>
         <object_component_ref idref="oc-d0"/>
      </symbol>
      <symbol id="sm-15a">
         <name>__mspabi_srli_13</name>
         <value>0xc20c</value>
         <object_component_ref idref="oc-d0"/>
      </symbol>
      <symbol id="sm-15b">
         <name>__mspabi_srli_12</name>
         <value>0xc210</value>
         <object_component_ref idref="oc-d0"/>
      </symbol>
      <symbol id="sm-15c">
         <name>__mspabi_srli_11</name>
         <value>0xc214</value>
         <object_component_ref idref="oc-d0"/>
      </symbol>
      <symbol id="sm-15d">
         <name>__mspabi_srli_10</name>
         <value>0xc218</value>
         <object_component_ref idref="oc-d0"/>
      </symbol>
      <symbol id="sm-166">
         <name>_system_pre_init</name>
         <value>0xc2fa</value>
         <object_component_ref idref="oc-55"/>
      </symbol>
      <symbol id="sm-169">
         <name>__TI_args_main</name>
         <value>0x1</value>
      </symbol>
      <symbol id="sm-17e">
         <name>__TI_CINIT_Base</name>
         <value>0x0</value>
      </symbol>
      <symbol id="sm-17f">
         <name>__TI_INITARRAY_Base</name>
         <value>0x0</value>
      </symbol>
      <symbol id="sm-180">
         <name>__TI_Handler_Table_Limit</name>
         <value>0x0</value>
      </symbol>
      <symbol id="sm-181">
         <name>_auto_init</name>
         <value>0xc098</value>
         <object_component_ref idref="oc-5a"/>
      </symbol>
      <symbol id="sm-182">
         <name>__TI_INITARRAY_Limit</name>
         <value>0x0</value>
      </symbol>
      <symbol id="sm-183">
         <name>__TI_Handler_Table_Base</name>
         <value>0x0</value>
      </symbol>
      <symbol id="sm-184">
         <name>__TI_CINIT_Limit</name>
         <value>0x0</value>
      </symbol>
   </symbol_table>
   <title>Link successful</title>
</link_info>
